,source,src_options_paths
0,after_approvals_raw,3
1,after_payments_raw,3
2,after_purchases_raw,3
3,bank,0
4,businesses,0
5,card_sales_approvals_raw,1
6,card_sales_purchases_raw,1
7,cardsales,0
8,catalog_approvals_raw,1
9,catalog_payments_raw,1
10,catalog_purchases_raw,1
11,classification,0
12,classifications,0
13,delivery_app_comments,0
14,hometax,0
15,jdbc:acceptanced_business_template_answers,0
16,jdbc:acceptanced_business_templates,0
17,jdbc:acceptances,0
18,jdbc:access_logs,0
19,jdbc:ad_group,0
20,jdbc:ad_group_event_map,0
21,jdbc:ad_history,0
22,jdbc:baedaltong_orders,0
23,jdbc:baedaltong_payments,0
24,jdbc:baemin_orders,0
25,jdbc:baemin_payments,0
26,jdbc:baemin_sales_vats,0
27,jdbc:bank_accounts,0
28,jdbc:bank_transactions,0
29,jdbc:business_days,0
30,jdbc:businesses,0
31,jdbc:campaign,0
32,jdbc:card_agreements,0
33,jdbc:card_merchants,0
34,jdbc:card_payments,0
35,jdbc:card_purchases_approvals,0
36,jdbc:card_purchases_bills,0
37,jdbc:card_purchases_payments,0
38,jdbc:cards,0
39,jdbc:client_user_mapping,0
40,jdbc:creative,0
41,jdbc:credential_keys,0
42,jdbc:credentials,0
43,jdbc:custom_set,0
44,jdbc:customer_invoices,0
45,jdbc:customer_transactions,0
46,jdbc:daily_reports,0
47,jdbc:delivery_apps,0
48,jdbc:devices,0
49,jdbc:hometax_businesses,0
50,jdbc:hometax_card_purchases,0
51,jdbc:hometax_card_sales,0
52,jdbc:hometax_overdue_taxes,0
53,jdbc:hometax_purchases_cash_receipts,0
54,jdbc:hometax_purchases_invoices,0
55,jdbc:hometax_sales_cash_receipts,0
56,jdbc:hometax_sales_declarations,0
57,jdbc:hometax_sales_invoices,0
58,jdbc:hometax_tax_notices,0
59,jdbc:hometax_tax_payments,0
60,jdbc:hometax_tax_refunds,0
61,jdbc:hometax_vat_declarations,0
62,jdbc:hometax_wht_declarations,0
63,jdbc:iamport_customers,0
64,jdbc:issuer_histories,0
65,jdbc:issuers,0
66,jdbc:kakao_message_groups,0
67,jdbc:kakao_messages,0
68,jdbc:memberships,0
69,jdbc:monthly_reports,0
70,jdbc:new_card_sales_transactions,0
71,jdbc:phones,0
72,jdbc:place_comments,0
73,jdbc:place_masters,0
74,jdbc:place_merchants,0
75,jdbc:place_reviews,0
76,jdbc:places,0
77,jdbc:pos_agents,0
78,jdbc:report_logs,0
79,jdbc:scrapings,0
80,jdbc:sdk_event,0
81,jdbc:shinhancard_businesses,0
82,jdbc:shinhancard_customer_statistics,0
83,jdbc:subscriptions,0
84,jdbc:survey_monkey_responses,0
85,jdbc:traders,0
86,jdbc:user_events,0
87,jdbc:users,0
88,jdbc:vendor_invoices,0
89,jdbc:vendor_transactions,0
90,jdbc:weekly_reports,0
91,jdbc:yogiyo_orders,0
92,jdbc:yogiyo_payments,0
93,location,0
94,merchant,0
95,message,0
96,place_comments,0
97,place_reviews,0
98,places,0
99,pos_bills_raw,1
100,pos_bills_raw_v2,1
101,pos_menus_raw,1
102,pos_menus_raw_v2,1
103,pos_payments_raw,2
104,pos_payments_raw_v2,1
105,process:::acceptance_templates:::paynote_users,0
106,process:::access_logs_date:::dump_db_goose_incremental,0
107,process:::ad_group_filter:::target_download,0
108,process:::ad_group_id:::user_info_prev,0
109,process:::add_ad_group_meta:::click_log_to_es,0
110,process:::add_field:::check_daily_report,0
111,process:::add_h3:::delivery_receipt_stats,0
112,process:::add_join_field:::business_meta_es_sink,0
113,process:::add_join_field:::cashnote_custom_set,0
114,process:::add_join_field:::cashnote_user_meta_es_sink,0
115,process:::add_join_field:::cashnote_user_stats_es_sink,0
116,process:::add_join_field:::paynote_custom_set,0
117,process:::add_join_field:::paynote_user_meta_es_sink,0
118,process:::add_join_field:::paynote_user_stats_es_sink,0
119,process:::add_target_id:::daily_reports_wo_card,0
120,process:::add_timestamp:::registration_number_meta_es_sink,0
121,process:::address_amount_range:::market_info,0
122,process:::address_depth_1_weekly_ratio:::build_corona_weekly_stats_ratio,0
123,process:::address_depth_1_weekly_ratio_pivot:::build_corona_weekly_stats_ratio,0
124,process:::address_depth_2_weekly_ratio:::build_corona_weekly_stats_ratio,0
125,process:::address_depth_2_weekly_ratio_pivot:::build_corona_weekly_stats_ratio,0
126,process:::address_monthly_stats:::build_nice_monthly_stats,0
127,process:::address_weekly_transaction_type_ratio:::build_corona_weekly_stats_ratio,0
128,process:::address_weekly_transaction_type_ratio_pivot:::build_corona_weekly_stats_ratio,0
129,process:::after_approvals:::approvals,0
130,process:::after_approvals:::build_raw_tables,0
131,process:::after_payments:::build_raw_tables,0
132,process:::after_payments:::payments,0
133,process:::after_purchases:::build_raw_tables,0
134,process:::after_purchases:::purchases,0
135,process:::aggr:::address_classification_stat,0
136,process:::aggr_user_tags:::aggregate_user_tags,0
137,process:::all_sdk_event:::update_sdk_event,0
138,process:::approval_candidates:::build_card_sales_all,0
139,process:::approval_candidates:::build_matched_tables,0
140,process:::approvals:::approvals,0
141,process:::approvals:::build_raw_tables,0
142,process:::approvals_stat:::card_sales_approvals,0
143,process:::approvals_with_cancel:::match_to_approvals,0
144,process:::approvals_with_late_cancel:::match_to_approvals,0
145,process:::approvals_with_sequence:::approvals,0
146,process:::approvals_without_cancel:::match_to_approvals,0
147,process:::attribution_window:::conv_log,0
148,process:::baedaltong_orders:::build_delivery_app_orders,0
149,process:::baedaltong_orders_date:::dump_incremental,0
150,process:::baedaltong_orders_raw:::build_delivery_app_orders,0
151,process:::baedaltong_orders_unique:::build_delivery_app_orders,0
152,process:::baedaltong_payments:::build_delivery_app_payments,0
153,process:::baedaltong_payments_date:::dump_incremental,0
154,process:::baedaltong_payments_raw:::build_delivery_app_payments,0
155,process:::baedaltong_payments_src:::build_delivery_app_payments,0
156,process:::baedaltong_payments_unique:::build_delivery_app_payments,0
157,process:::baemin_orders:::build_delivery_app_orders,0
158,process:::baemin_orders_date:::dump_incremental,0
159,process:::baemin_orders_raw:::build_delivery_app_orders,0
160,process:::baemin_orders_unique:::build_delivery_app_orders,0
161,process:::baemin_payments:::build_delivery_app_payments,0
162,process:::baemin_payments_date:::dump_incremental,0
163,process:::baemin_payments_raw:::build_delivery_app_payments,0
164,process:::baemin_payments_src:::build_delivery_app_payments,0
165,process:::baemin_payments_unique:::build_delivery_app_payments,0
166,process:::baemin_sales_vats_date:::dump_incremental,0
167,process:::baemin_sales_vats_raw:::build_delivery_app_orders,0
168,process:::bank_accounts:::business_bank,0
169,process:::bank_deposit:::bank_transactions,0
170,process:::bank_transactions:::build_bank_account_balances,0
171,process:::bank_transactions:::build_bank_transactions,0
172,process:::bank_transactions:::business_bank,0
173,process:::bank_transactions_date:::dump_incremental,0
174,process:::bank_transactions_formatted:::build_bank_transactions,0
175,process:::bank_transactions_unique:::build_bank_transactions,0
176,process:::bank_withdraw:::bank_transactions,0
177,process:::bccard:::card_classification_business_id,0
178,process:::bccard:::kcd_classification,0
179,process:::bccard:::merchant_classification_kcd,0
180,process:::bccard:::payment_code_classification,0
181,process:::bccard_business_classification:::bccard_classification,0
182,process:::bccard_business_classification:::card_classification,0
183,process:::bccard_business_classification:::merchant_classification_card,0
184,process:::bccard_new:::card_classification_business_id,0
185,process:::bdong_range:::market_info,0
186,process:::bluebird_sdk_event:::update_sdk_event,0
187,process:::build_bank_account_balances:::build_bank_account_balances,0
188,process:::business_address:::business_location_sources,0
189,process:::business_classification:::kcd_classification,0
190,process:::business_classification:::market_area_classification,0
191,process:::business_classification:::merchant_classification_kcd,0
192,process:::business_location:::registration_number_common_location,0
193,process:::business_meta_filtered:::hometax_business_label,0
194,process:::business_meta_with_amount:::market_info,0
195,process:::business_meta_with_status:::build_nice_monthly_stats,0
196,process:::businesses:::businesses,0
197,process:::businesses:::hometax_business_amount_employee,0
198,process:::businesses_info:::daily_reports,0
199,process:::businesses_info:::test_daily_reports,0
200,process:::businesses_monthly_stats:::build_nice_monthly_stats,0
201,process:::businesses_with_nice_monthly_variables:::build_nice_monthly_variables,0
202,process:::calc_additional_columns:::daily_reports,0
203,process:::calc_additional_columns:::test_daily_reports,0
204,process:::calc_stat:::message_stat,0
205,process:::calc_stat:::message_stat_init,0
206,process:::campaign_id:::user_info_prev,0
207,process:::card_agreements:::paynote_users,0
208,process:::card_payments:::build_daily_report,0
209,process:::card_payments:::build_daily_reports,0
210,process:::card_payments:::build_user_categories,0
211,process:::card_payments_classification:::card_classification,0
212,process:::card_payments_date:::dump_db_goose_incremental,0
213,process:::card_payments_stat:::paynote_user_stat,0
214,process:::card_purchases:::build_card_purchases,0
215,process:::card_purchases:::build_card_purchases_stat,0
216,process:::card_purchases:::build_daily_reports,0
217,process:::card_purchases_approvals:::build_card_purchases,0
218,process:::card_purchases_approvals_date:::dump_incremental,0
219,process:::card_purchases_bills_date:::dump_incremental,0
220,process:::card_purchases_payments_date:::dump_incremental,0
221,process:::card_purchases_stat:::build_card_purchases_stat,0
222,process:::card_purchases_stat:::build_daily_reports,0
223,process:::card_purchases_unique:::build_card_purchases,0
224,process:::card_sales:::build_daily_report,0
225,process:::card_sales:::build_daily_reports,0
226,process:::card_sales_transactions:::dump_db_card_sales,0
227,process:::cards:::businesses,0
228,process:::cashnote:::registration_number_card_sales,0
229,process:::cashnote_businesses:::registration_number_businesses,0
230,process:::cashnote_sdk_event:::update_sdk_event,0
231,process:::cashnote_web_click:::click_log_to_es,0
232,process:::cast_targets:::target_download,0
233,process:::catalog_approvals_filtered:::approvals,0
234,process:::catalog_approvals_filtered:::build_raw_tables,0
235,process:::catalog_payments_filtered:::build_raw_tables,0
236,process:::catalog_payments_filtered:::payments,0
237,process:::catalog_purchases_filtered:::build_raw_tables,0
238,process:::catalog_purchases_filtered:::purchases,0
239,process:::classification_depth_1_weekly_ratio:::build_corona_weekly_stats_ratio,0
240,process:::classification_depth_1_weekly_ratio_pivot:::build_corona_weekly_stats_ratio,0
241,process:::classification_depth_2_weekly_ratio:::build_corona_weekly_stats_ratio,0
242,process:::classification_depth_2_weekly_ratio_pivot:::build_corona_weekly_stats_ratio,0
243,process:::classification_monthly_stats:::build_nice_monthly_stats,0
244,process:::classification_tree:::build_sales_stat,0
245,process:::classification_weekly_transaction_type_ratio:::build_corona_weekly_stats_ratio,0
246,process:::classification_weekly_transaction_type_ratio_pivot:::build_corona_weekly_stats_ratio,0
247,process:::classifications_stat:::build_sales_stat,0
248,process:::click_log_aggr:::message_stat,0
249,process:::click_log_aggr:::message_stat_init,0
250,process:::click_users:::message,0
251,process:::client_user_mapping_joined:::build_user_agreements,0
252,process:::cohort:::build_cohort,0
253,process:::comments:::delivery,0
254,process:::comments:::places,0
255,process:::common_location:::business_location_kcd,0
256,process:::common_location:::merchant_location_common,0
257,process:::conv_with_click_log:::conv_log,0
258,process:::credentials:::businesses,0
259,process:::crefia_business_meta:::crefia_business_meta,0
260,process:::crefia_credential:::daily_reports,0
261,process:::crefia_credential:::test_daily_reports,0
262,process:::cur_conv_log:::conv_log,0
263,process:::current_approval_candidates:::build_card_sales_all,0
264,process:::current_approval_candidates:::build_matched_tables,0
265,process:::current_approval_candidates:::join_approval_candidates,0
266,process:::current_approvals:::approvals,0
267,process:::current_approvals:::build_card_sales_all,0
268,process:::current_approvals:::build_matched_tables,0
269,process:::current_approvals:::build_raw_tables,0
270,process:::current_approvals:::join_approval_candidates,0
271,process:::current_approvals_dedup:::build_card_sales_all,0
272,process:::current_approvals_raw:::build_card_sales_all,0
273,process:::current_payments:::payments,0
274,process:::current_pos_payments:::pos_add_visit_order,0
275,process:::current_pos_payments_approved:::pos_add_visit_order,0
276,process:::current_pos_payments_approved_v2:::pos_add_visit_order,0
277,process:::current_pos_payments_canceled:::pos_add_visit_order,0
278,process:::current_pos_payments_canceled_v2:::pos_add_visit_order,0
279,process:::current_purchase_candidates:::build_card_sales_all,0
280,process:::current_purchase_candidates:::build_matched_tables,0
281,process:::current_purchase_candidates:::join_purchase_candidates,0
282,process:::current_purchases:::build_card_sales_all,0
283,process:::current_purchases:::build_matched_tables,0
284,process:::current_purchases:::build_raw_tables,0
285,process:::current_purchases:::join_purchase_candidates,0
286,process:::current_purchases:::purchases,0
287,process:::current_purchases_dedup:::build_card_sales_all,0
288,process:::current_purchases_raw:::build_card_sales_all,0
289,process:::current_purchases_reformat:::build_card_sales_all,0
290,process:::current_stat:::message_stat,0
291,process:::current_stat:::message_stat_init,0
292,process:::current_transactions:::build_card_sales_all,0
293,process:::current_transactions:::build_matched_tables,0
294,process:::current_transactions:::match_to_transactions,0
295,process:::current_txs_approved:::add_visit_orders,0
296,process:::current_txs_cancelled:::add_visit_orders,0
297,process:::current_visits_approved:::pos_add_visit_order,0
298,process:::current_visits_approved_v2:::pos_add_visit_order,0
299,process:::current_visits_canceled:::pos_add_visit_order,0
300,process:::current_visits_canceled_v2:::pos_add_visit_order,0
301,process:::custom_set_all:::cashnote_custom_set,0
302,process:::custom_set_all:::paynote_custom_set,0
303,process:::custom_set_new:::cashnote_custom_set,0
304,process:::custom_set_new:::paynote_custom_set,0
305,process:::custom_set_values:::cashnote_custom_set,0
306,process:::custom_set_values:::paynote_custom_set,0
307,process:::customer_invoices_date:::dump_incremental,0
308,process:::customer_transactions_date:::dump_incremental,0
309,process:::daily_card_purchases_stat:::build_card_purchases_stat,0
310,process:::daily_card_sales:::build_daily_report,0
311,process:::daily_card_sales:::build_daily_reports,0
312,process:::daily_delivery_app_sales:::build_daily_reports,0
313,process:::daily_delivery_apps_order_stats:::delivery_app_orders_stat,0
314,process:::daily_delivery_orders_stat:::daily_delivery_orders_stat,0
315,process:::daily_hour_transactions_stat:::build_daily_report,0
316,process:::daily_hour_transactions_stat:::build_stats,0
317,process:::daily_order_payments_stat:::delivery_app_payments_stat,0
318,process:::daily_reports_date:::dump_incremental,0
319,process:::daily_stat:::build_daily_report,0
320,process:::daily_stat:::build_daily_reports,0
321,process:::daily_stat_joined:::build_daily_report,0
322,process:::daily_stat_joined:::build_daily_reports,0
323,process:::daily_stat_with_demo:::merge_stats_with_meta,0
324,process:::daily_transaction_type_stats:::daily_transaction_type_stats,0
325,process:::daily_transactions_stat:::build_stats,0
326,process:::day_hour_stat_with_demo:::merge_stats_with_meta,0
327,process:::dedup:::target_extract_log,0
328,process:::delivery_app_orders:::build_delivery_app_orders,0
329,process:::delivery_app_orders:::daily_delivery_orders_stat,0
330,process:::delivery_app_orders:::delivery_app_orders_stat,0
331,process:::delivery_app_orders_stat:::build_daily_report,0
332,process:::delivery_app_orders_stat:::build_daily_reports,0
333,process:::delivery_app_orders_stat:::delivery_app_orders_stat,0
334,process:::delivery_app_payments:::build_daily_reports,0
335,process:::delivery_app_payments:::build_delivery_app_payments,0
336,process:::delivery_app_payments_stat:::build_daily_reports,0
337,process:::delivery_app_payments_stat:::delivery_app_payments_stat,0
338,process:::delivery_app_sales:::build_daily_report,0
339,process:::delivery_app_sales:::build_daily_reports,0
340,process:::demography:::cashnote_users,0
341,process:::devices:::cashnote_users,0
342,process:::devices:::paynote_users,0
343,process:::diff:::check_daily_report,0
344,process:::dim_business_id:::cashnote_custom_set,0
345,process:::dim_phone_number:::paynote_custom_set,0
346,process:::dim_public_id:::cashnote_custom_set,0
347,process:::dim_user_id:::cashnote_custom_set,0
348,process:::event_mapping:::conv_log,0
349,process:::extract_log:::user_info_prev,0
350,process:::filtered:::cashnote_user_stat,0
351,process:::filtered_business:::paynote_place_topk,0
352,process:::filtered_business_with_paynote_location:::paynote_place_topk,0
353,process:::filtered_items:::asp_pos_post_process,0
354,process:::filtered_message:::transform_and_rest_sink,0
355,process:::filtered_message:::transform_message,0
356,process:::filtered_message_with_public_id:::transform_and_rest_sink,0
357,process:::filtered_message_with_public_id:::transform_message,0
358,process:::filtered_payments:::asp_pos_post_process,0
359,process:::filtered_target_users:::target_rest_sink,0
360,process:::flatten:::common_reports,0
361,process:::formatted:::build_daily_report,0
362,process:::formatted:::bulkload_with_formatting_cashnote_business_meta_common,0
363,process:::formatted:::bulkload_with_formatting_cashnote_user_meta_common,0
364,process:::formatted:::cashnote_user_meta,0
365,process:::formatted:::paynote_user_meta,0
366,process:::formatted:::transform_and_rest_sink,0
367,process:::formatted:::transform_message,0
368,process:::formatted_conv:::conv_log_to_es,0
369,process:::formatted_items:::asp_pos_post_process,0
370,process:::formatted_new_report_logs:::check_daily_report,0
371,process:::formatted_old_report_logs:::check_daily_report,0
372,process:::formatted_payments:::asp_pos_post_process,0
373,process:::formatted_report_logs:::daily_reports,0
374,process:::formatted_send:::send_log_to_es,0
375,process:::formatted_with_custom_set:::cashnote_user_meta,0
376,process:::formatted_with_custom_set:::paynote_user_meta,0
377,process:::franchise:::kcd_classification,0
378,process:::grouped:::bccard_classification,0
379,process:::grouped:::build_visits,0
380,process:::grouped:::cashnote_custom_set,0
381,process:::grouped:::paynote_custom_set,0
382,process:::gyeongnam_classification_ratio:::build_corona_weekly_stats_ratio_adhoc,0
383,process:::gyeongnam_classification_ratio_pivot:::build_corona_weekly_stats_ratio_adhoc,0
384,process:::gyeongnam_kcd_classification_ratio:::build_corona_weekly_stats_ratio_adhoc,0
385,process:::gyeongnam_kcd_classification_ratio_pivot:::build_corona_weekly_stats_ratio_adhoc,0
386,process:::gyeongnam_shinhan_classification_ratio:::build_corona_weekly_stats_ratio_adhoc,0
387,process:::gyeongnam_shinhan_classification_ratio_pivot:::build_corona_weekly_stats_ratio_adhoc,0
388,process:::gyeongnam_weekly_txns:::build_corona_weekly_stats_ratio_adhoc,0
389,process:::hometax:::build_daily_reports,0
390,process:::hometax:::kcd_classification,0
391,process:::hometax_address:::business_location_sources,0
392,process:::hometax_amount:::hometax_business_amount_employee,0
393,process:::hometax_business:::hometax,0
394,process:::hometax_business_label:::hometax_business_label,0
395,process:::hometax_card_purchases:::build_hometax_stat,0
396,process:::hometax_card_purchases:::hometax_purchase,0
397,process:::hometax_card_purchases_date:::dump_incremental,0
398,process:::hometax_card_sales:::build_hometax_stat,0
399,process:::hometax_card_sales:::hometax_sales,0
400,process:::hometax_card_sales_date:::dump_incremental,0
401,process:::hometax_cash_receipts:::build_hometax_cash_receipts,0
402,process:::hometax_cash_receipts:::build_hometax_stat,0
403,process:::hometax_classification:::hometax_ksic_classification,0
404,process:::hometax_employee:::hometax_business_amount_employee,0
405,process:::hometax_invoices:::build_hometax_invoices,0
406,process:::hometax_invoices:::build_hometax_stat,0
407,process:::hometax_purchases_cash_receipts:::build_hometax_cash_receipts,0
408,process:::hometax_purchases_cash_receipts:::hometax_purchase,0
409,process:::hometax_purchases_cash_receipts_date:::dump_incremental,0
410,process:::hometax_purchases_cash_receipts_unique:::build_hometax_cash_receipts,0
411,process:::hometax_purchases_invoices:::build_hometax_invoices,0
412,process:::hometax_purchases_invoices:::hometax_purchase,0
413,process:::hometax_purchases_invoices_date:::dump_incremental,0
414,process:::hometax_purchases_invoices_unique:::build_hometax_invoices,0
415,process:::hometax_purchases_stat:::build_hometax_stat,0
416,process:::hometax_sales_cash_receipts:::build_hometax_cash_receipts,0
417,process:::hometax_sales_cash_receipts:::hometax_sales,0
418,process:::hometax_sales_cash_receipts_date:::dump_incremental,0
419,process:::hometax_sales_cash_receipts_unique:::build_hometax_cash_receipts,0
420,process:::hometax_sales_invoices:::build_hometax_invoices,0
421,process:::hometax_sales_invoices:::hometax_sales,0
422,process:::hometax_sales_invoices_date:::dump_incremental,0
423,process:::hometax_sales_invoices_unique:::build_hometax_invoices,0
424,process:::hometax_sales_monthly_stat:::build_nice_monthly_stats,0
425,process:::hometax_sales_stat:::build_hometax_stat,0
426,process:::hometax_stat:::build_daily_reports,0
427,process:::hometax_stat:::build_hometax_stat,0
428,process:::hourly_delivery_apps_order_stats:::delivery_app_orders_stat,0
429,process:::hourly_sales:::build_daily_report,0
430,process:::hourly_sales:::build_daily_reports,0
431,process:::hyundaicard:::card_classification_business_id,0
432,process:::hyundaicard:::kcd_classification,0
433,process:::hyundaicard:::merchant_classification_kcd,0
434,process:::hyundaicard:::payment_code_classification,0
435,process:::hyundaicard_business_classification:::card_classification,0
436,process:::hyundaicard_business_classification:::merchant_classification_card,0
437,process:::iamport_customers:::businesses,0
438,process:::id_mapping:::transform_and_rest_sink,0
439,process:::id_mapping:::transform_message,0
440,process:::invalid_account_numbers:::business_bank,0
441,process:::issuer_purchase_period:::build_daily_report,0
442,process:::joined:::merge_stats_with_meta,0
443,process:::joined:::message_send_stat,0
444,process:::joined:::paynote_businesses,0
445,process:::joined:::registration_number_businesses,0
446,process:::joined:::survey_monkey,0
447,process:::kakao:::kcd_classification,0
448,process:::kakao:::merchant_classification_kcd,0
449,process:::kakao:::place_classification,0
450,process:::kakao_address:::merchant_location_sources,0
451,process:::kakao_basic_address:::business_location_sources,0
452,process:::kakao_classification:::merchant_classification_place,0
453,process:::kakao_classification:::place_classification,0
454,process:::kakao_only:::place_classification,0
455,process:::kakao_places:::merchant_places,0
456,process:::kcd_classification:::place_classification,0
457,process:::kcd_location:::place_classification,0
458,process:::kcd_places:::build_user_tags,0
459,process:::kcd_places:::merge_stats_with_meta,0
460,process:::ksic_classification:::hometax_ksic_classification,0
461,process:::latest_id:::daily_reports,0
462,process:::latest_ids:::get_latest_ids,0
463,process:::latest_ids:::get_latest_ids_goose,0
464,process:::location_age_band_gender_topk:::paynote_place_topk,0
465,process:::location_age_band_topk:::paynote_place_topk,0
466,process:::location_gender_topk:::paynote_place_topk,0
467,process:::location_review_topk:::paynote_place_topk,0
468,process:::location_topk:::paynote_place_topk,0
469,process:::mapping:::market_area_classification,0
470,process:::mapping:::new_hometax_classification,0
471,process:::mapping:::place_classification,0
472,process:::mappings:::card_classification_business_id,0
473,process:::mappings:::registration_number_card_sales,0
474,process:::mappings:::registration_number_common_location,0
475,process:::market_info:::market_info,0
476,process:::market_info_with_ts:::market_info_sink,0
477,process:::memberships:::cashnote_users,0
478,process:::merchant:::paynote_user_stat,0
479,process:::merchant_address:::merchant_location_sources,0
480,process:::merchant_info:::merchant_info,0
481,process:::merchant_location:::registration_number_common_location,0
482,process:::merchant_places:::merchant_places,0
483,process:::merge:::business_meta,0
484,process:::merge:::business_stat,0
485,process:::merge:::hometax_business_label,0
486,process:::merge:::merchant_meta,0
487,process:::merge:::registration_number_meta,0
488,process:::merge:::store_info_sink,0
489,process:::merged:::business_location_kcd,0
490,process:::merged:::daily_reports,0
491,process:::merged:::delivery_receipt_stats,0
492,process:::merged:::kcd_classification,0
493,process:::merged:::merchant_classification_kcd,0
494,process:::merged:::merchant_location_common,0
495,process:::merged:::payment_code_classification,0
496,process:::merged:::paynote_user_stat,0
497,process:::merged:::test_daily_reports,0
498,process:::merged_approvals:::build_matched_tables,0
499,process:::merged_approvals:::build_raw_tables,0
500,process:::merged_approvals:::match_to_approvals,0
501,process:::merged_baedaltong_orders:::build_delivery_app_orders,0
502,process:::merged_baedaltong_orders_candidates:::build_delivery_app_orders,0
503,process:::merged_baedaltong_payments:::build_delivery_app_payments,0
504,process:::merged_baemin_orders:::build_delivery_app_orders,0
505,process:::merged_baemin_orders_candidates:::build_delivery_app_orders,0
506,process:::merged_baemin_payments:::build_delivery_app_payments,0
507,process:::merged_bank_transactions:::build_bank_transactions,0
508,process:::merged_classification:::kcd_classification,0
509,process:::merged_classification:::merchant_classification_kcd,0
510,process:::merged_classification:::payment_code_classification,0
511,process:::merged_dedup:::bccard_classification,0
512,process:::merged_location:::registration_number_common_location,0
513,process:::merged_payments:::build_raw_tables,0
514,process:::merged_payments_with_items:::asp_pos_post_process,0
515,process:::merged_purchases:::build_matched_tables,0
516,process:::merged_purchases:::build_raw_tables,0
517,process:::merged_purchases:::match_to_purchases,0
518,process:::merged_stat:::build_daily_report,0
519,process:::merged_stat:::build_daily_reports,0
520,process:::merged_stat:::message_stat,0
521,process:::merged_stat_with_date:::build_daily_reports,0
522,process:::merged_topk:::paynote_place_topk,0
523,process:::merged_transactions:::build_card_sales_all,0
524,process:::merged_transactions:::build_matched_tables,0
525,process:::merged_users:::cashnote_user_meta,0
526,process:::merged_yogiyo_orders:::build_delivery_app_orders,0
527,process:::merged_yogiyo_orders_candidates:::build_delivery_app_orders,0
528,process:::merged_yogiyo_payments:::build_delivery_app_payments,0
529,process:::message_history:::message_send_stat,0
530,process:::message_type:::user_info_prev,0
531,process:::meta:::message_stat,0
532,process:::meta:::message_stat_init,0
533,process:::monthly_card_purchases:::build_daily_report,0
534,process:::monthly_card_purchases_stat:::build_card_purchases_stat,0
535,process:::monthly_card_sales:::build_daily_report,0
536,process:::monthly_card_sales:::build_daily_reports,0
537,process:::monthly_delivery_app_sales:::build_daily_reports,0
538,process:::monthly_delivery_apps_order_stats:::delivery_app_orders_stat,0
539,process:::monthly_hometax:::build_daily_report,0
540,process:::monthly_order_payments_stat:::delivery_app_payments_stat,0
541,process:::monthly_reports_date:::dump_incremental,0
542,process:::monthly_stat_with_demo:::merge_stats_with_meta,0
543,process:::monthly_summary:::build_summary,0
544,process:::monthly_transactions_stat:::build_stats,0
545,process:::multi_dimensions_stat:::build_sales_stat,0
546,process:::naver:::kcd_classification,0
547,process:::naver:::merchant_classification_kcd,0
548,process:::naver:::place_classification,0
549,process:::naver_address:::merchant_location_sources,0
550,process:::naver_basic_address:::business_location_sources,0
551,process:::naver_classification:::merchant_classification_place,0
552,process:::naver_classification:::place_classification,0
553,process:::naver_only:::place_classification,0
554,process:::naver_places:::merchant_places,0
555,process:::new_hometax_business_classification:::new_hometax_classification,0
556,process:::new_kcd_classification:::kcd_classification,0
557,process:::order_by_day:::delivery_receipt_stats,0
558,process:::order_by_month:::delivery_receipt_stats,0
559,process:::order_by_week:::delivery_receipt_stats,0
560,process:::outdated_issuers:::daily_reports,0
561,process:::outdated_issuers:::test_daily_reports,0
562,process:::owner:::businesses,0
563,process:::parsed:::parse_receipt,0
564,process:::payment_code_classification:::payment_code_classification,0
565,process:::payments:::build_raw_tables,0
566,process:::payments:::build_user_categories,0
567,process:::payments:::payments,0
568,process:::payments_stat:::build_daily_reports,0
569,process:::payments_stat:::build_stats,0
570,process:::payments_stat:::card_sales_payments,0
571,process:::payments_with_user_demo:::registration_number_card_sales,0
572,process:::paynote_business:::registration_number_businesses,0
573,process:::paynote_businesses:::paynote_businesses,0
574,process:::paynote_sdk_event:::update_sdk_event,0
575,process:::paynote_stat:::registration_number_card_sales,0
576,process:::paynote_stat_age_band:::registration_number_card_sales,0
577,process:::paynote_stat_age_band_gender:::registration_number_card_sales,0
578,process:::paynote_stat_gender:::registration_number_card_sales,0
579,process:::phones:::cashnote_users,0
580,process:::pivot:::aggregate_user_tags,0
581,process:::place_classification_with_location:::place_classification,0
582,process:::place_comments_date:::dump_incremental,0
583,process:::place_indexes_graph_format:::place_table_graph_format,0
584,process:::place_indexes_union_distinct:::place_table_incremental,0
585,process:::place_info_graph_format:::place_table_graph_format,0
586,process:::place_info_union_distinct:::place_table_incremental,0
587,process:::place_info_with_rating:::place_table_incremental,0
588,process:::place_info_with_rating_with_registration_number:::place_table_incremental,0
589,process:::place_kakao_address:::business_location_sources,0
590,process:::place_menus_graph_format:::place_table_graph_format,0
591,process:::place_menus_union_distinct:::place_table_incremental,0
592,process:::place_name:::registration_number_places,0
593,process:::place_naver_address:::business_location_sources,0
594,process:::place_reviews_date:::dump_incremental,0
595,process:::place_reviews_graph_format:::place_table_graph_format,0
596,process:::place_reviews_union_distinct:::place_table_incremental,0
597,process:::plover:::partition_prod_back_fill,0
598,process:::plover:::partition_prod_back_fill_parquet,0
599,process:::pos:::partition_prod_back_fill,0
600,process:::pos:::partition_prod_back_fill_parquet,0
601,process:::pos_app_menus:::pos_menus_tok_k,0
602,process:::pos_app_menus_top_k:::pos_menus_tok_k,0
603,process:::pos_app_menus_top_k_jdbc:::pos_menus_tok_k,0
604,process:::pos_asp_transactions:::asp_pos_post_process,0
605,process:::pos_bills_source:::dedup_bills,0
606,process:::pos_bills_source_v2:::dedup_bills,0
607,process:::pos_menu_with_payment_jdbc:::pos_preferred_menus_by_visit_type,0
608,process:::pos_menu_with_payment_jdbc_v2:::pos_preferred_menus_by_visit_type,0
609,process:::pos_menu_with_payment_with_group_with_rank:::pos_preferred_menus_by_visit_type,0
610,process:::pos_menu_with_payment_with_group_with_rank_joined:::pos_preferred_menus_by_visit_type,0
611,process:::pos_menu_with_payment_with_group_with_rank_joined_v2:::pos_preferred_menus_by_visit_type,0
612,process:::pos_menu_with_payment_with_group_with_rank_times:::pos_preferred_menus_by_visit_type,0
613,process:::pos_menu_with_payment_with_group_with_rank_times_v2:::pos_preferred_menus_by_visit_type,0
614,process:::pos_menu_with_payment_with_group_with_rank_v2:::pos_preferred_menus_by_visit_type,0
615,process:::pos_menus:::pos_menus_tok_k,0
616,process:::pos_menus:::pos_preferred_menus_by_visit_type,0
617,process:::pos_menus_distinct:::dedup_menus,0
618,process:::pos_menus_distinct_v2:::dedup_menus,0
619,process:::pos_menus_top_k:::pos_menus_tok_k,0
620,process:::pos_menus_top_k_jdbc:::pos_menus_tok_k,0
621,process:::pos_menus_top_k_jdbc_v2:::pos_menus_tok_k,0
622,process:::pos_menus_top_k_v2:::pos_menus_tok_k,0
623,process:::pos_menus_v2:::pos_menus_tok_k,0
624,process:::pos_menus_v2:::pos_preferred_menus_by_visit_type,0
625,process:::pos_menus_with_payment:::pos_preferred_menus_by_visit_type,0
626,process:::pos_menus_with_payment_v2:::pos_preferred_menus_by_visit_type,0
627,process:::pos_menus_with_time_bucket:::pos_menus_tok_k,0
628,process:::pos_menus_with_time_bucket_v2:::pos_menus_tok_k,0
629,process:::pos_payments:::pos_add_visit_order,0
630,process:::pos_payments_distinct:::dedup_payments,0
631,process:::pos_payments_distinct:::pos_add_visit_order,0
632,process:::pos_payments_distinct_src_v2:::pos_add_visit_order,0
633,process:::pos_payments_distinct_v2:::dedup_payments,0
634,process:::pos_payments_visited:::pos_preferred_menus_by_visit_type,0
635,process:::pos_payments_visited_v2:::pos_preferred_menus_by_visit_type,0
636,process:::pos_payments_with_sales_card_number:::dedup_payments,0
637,process:::pos_sales_daily_process:::pos_sales_amount_daily,0
638,process:::pos_sales_daily_process_jdbc:::pos_sales_amount_daily,0
639,process:::pos_sales_daily_process_jdbc_v2:::pos_sales_amount_daily,0
640,process:::pos_sales_daily_process_v2:::pos_sales_amount_daily,0
641,process:::pos_sales_source:::pos_sales_amount_daily,0
642,process:::pos_sales_source_v2:::pos_sales_amount_daily,0
643,process:::prev_approval_candidates:::build_card_sales_all,0
644,process:::prev_approval_candidates:::build_matched_tables,0
645,process:::prev_approvals:::build_card_sales_all,0
646,process:::prev_approvals:::build_matched_tables,0
647,process:::prev_approvals:::build_raw_tables,0
648,process:::prev_approved_txs:::add_visit_orders,0
649,process:::prev_baedaltong_orders_raw:::build_delivery_app_orders,0
650,process:::prev_baedaltong_payments_raw:::build_delivery_app_payments,0
651,process:::prev_baemin_orders_raw:::build_delivery_app_orders,0
652,process:::prev_baemin_payments_raw:::build_delivery_app_payments,0
653,process:::prev_bank_transactions:::build_bank_transactions,0
654,process:::prev_card_purchases_approvals:::build_card_purchases,0
655,process:::prev_hometax_cash_receipts:::build_hometax_cash_receipts,0
656,process:::prev_hometax_invoices:::build_hometax_invoices,0
657,process:::prev_payments:::build_raw_tables,0
658,process:::prev_pos_payments:::pos_add_visit_order,0
659,process:::prev_pos_payments_approved:::pos_add_visit_order,0
660,process:::prev_pos_payments_approved_v2:::pos_add_visit_order,0
661,process:::prev_purchase_candidates:::build_card_sales_all,0
662,process:::prev_purchase_candidates:::build_matched_tables,0
663,process:::prev_purchases:::build_card_sales_all,0
664,process:::prev_purchases:::build_matched_tables,0
665,process:::prev_purchases:::build_raw_tables,0
666,process:::prev_transactions:::build_card_sales_all,0
667,process:::prev_transactions:::build_matched_tables,0
668,process:::prev_yogiyo_orders_raw:::build_delivery_app_orders,0
669,process:::prev_yogiyo_payments_raw:::build_delivery_app_payments,0
670,process:::purchase_candidates:::build_card_sales_all,0
671,process:::purchase_candidates:::build_matched_tables,0
672,process:::purchases:::build_raw_tables,0
673,process:::purchases:::purchases,0
674,process:::purchases_canceled_transactions:::purchases_canceled_transactions,0
675,process:::purchases_stat:::build_stats,0
676,process:::purchases_stat:::card_sales_purchases,0
677,process:::purchases_with_cancel:::match_to_purchases,0
678,process:::purchases_with_sequence:::purchases,0
679,process:::purchases_without_cancel:::match_to_purchases,0
680,process:::recent_1_year:::business_id_stat,0
681,process:::reformat:::visit_with_duration,0
682,process:::reformat_approvals:::approvals,0
683,process:::reformat_approvals:::build_raw_tables,0
684,process:::reformat_payments:::build_raw_tables,0
685,process:::reformat_payments:::payments,0
686,process:::reformat_purchases:::build_raw_tables,0
687,process:::reformat_purchases:::purchases,0
688,process:::regions:::build_sales_stat,0
689,process:::regions_stat:::build_sales_stat,0
690,process:::report_logs_date:::dump_incremental,0
691,process:::result:::acceptance_templates,0
692,process:::result:::hometax_business_label_upload,0
693,process:::result:::sales_amount_by_region,0
694,process:::result_log:::user_info_prev,0
695,process:::reviews:::places,0
696,process:::reviews_stat:::registration_number_places,0
697,process:::sales_amount:::market_info,0
698,process:::sales_amount_with_rate:::market_info,0
699,process:::sales_stat:::build_sales_stat,0
700,process:::select_columns:::message_send,0
701,process:::select_columns:::registration_number_meta,0
702,process:::semas_businesses_daily_ratio:::semas_daily_sales_stat,0
703,process:::semas_businesses_daily_stat:::semas_daily_sales_stat,0
704,process:::send_log_aggr:::message_stat,0
705,process:::send_log_aggr:::message_stat_init,0
706,process:::send_log_by_status:::message_stat,0
707,process:::send_log_by_status:::message_stat_init,0
708,process:::send_users:::message,0
709,process:::sessions:::build_session,0
710,process:::shinhancard:::card_classification_business_id,0
711,process:::shinhancard:::kcd_classification,0
712,process:::shinhancard:::merchant_classification_kcd,0
713,process:::shinhancard:::payment_code_classification,0
714,process:::shinhancard_business_classification:::card_classification,0
715,process:::shinhancard_business_classification:::merchant_classification_card,0
716,process:::shinhancard_customer_statistics_date:::dump_incremental,0
717,process:::sido_range:::market_info,0
718,process:::sigungu_range:::market_info,0
719,process:::snapshots:::snapshot_business_stat,0
720,process:::snapshots:::snapshot_user_history,0
721,process:::stat_union:::merge_stats_with_meta,0
722,process:::stat_union_meta:::merge_stats_with_meta,0
723,process:::store_cohort_trend:::store_info_sink,0
724,process:::store_info:::store_info_sink,0
725,process:::store_info_with_ts:::store_info_sink,0
726,process:::store_tag_status:::store_info_sink,0
727,process:::store_tag_trend:::store_info_sink,0
728,process:::subscriptions:::businesses,0
729,process:::target_businesses_daily_ratio:::semas_daily_sales_stat,0
730,process:::target_businesses_daily_stat:::semas_daily_sales_stat,0
731,process:::target_date_standard_period_transactions:::semas_daily_sales_stat,0
732,process:::target_group:::transform_and_rest_sink,0
733,process:::target_group:::transform_message,0
734,process:::target_messages:::transform_and_rest_sink,0
735,process:::target_messages:::transform_message,0
736,process:::targets:::target_download,0
737,process:::targets_to_send_data:::build_user_agreements,0
738,process:::targets_to_send_message:::build_user_agreements,0
739,process:::template_with_answers:::acceptance_templates,0
740,process:::total_stat:::build_sales_stat,0
741,process:::transaction_candidates:::build_card_sales_all,0
742,process:::transaction_candidates:::build_matched_tables,0
743,process:::transaction_candidates:::build_transaction_candidates,0
744,process:::transactions:::build_daily_report,0
745,process:::transactions:::build_stats,0
746,process:::transactions:::daily_transaction_type_stats,0
747,process:::transactions_approved:::add_visit_orders_approved,0
748,process:::transactions_not_updated:::build_matched_tables,0
749,process:::transactions_stat:::build_daily_reports,0
750,process:::transactions_stat:::build_stats,0
751,process:::transactions_stat:::card_sales_transactions,0
752,process:::transactions_table:::build_matched_tables,0
753,process:::transactions_updated:::build_card_sales_all,0
754,process:::transactions_updated:::build_matched_tables,0
755,process:::transactions_without_canceled:::daily_transaction_type_stats,0
756,process:::transform:::cashnote_user_stat,0
757,process:::tx_with_meta:::build_sales_stat,0
758,process:::tx_with_meta:::weekly_aggr,0
759,process:::txs:::build_session,0
760,process:::union_v3:::partition_prod_back_fill,0
761,process:::union_v3:::partition_prod_back_fill_parquet,0
762,process:::unique_approvals:::approvals,0
763,process:::update_ad_group:::target_download,0
764,process:::update_ad_group:::transform_and_rest_sink,0
765,process:::update_ad_group:::update_extract_result,0
766,process:::update_ad_history:::target_extract_log,0
767,process:::user_categories_stat:::build_user_categories,0
768,process:::user_events_date:::dump_db_goose_incremental,0
769,process:::user_message_history:::user_info_prev,0
770,process:::user_message_history:::user_message_history,0
771,process:::user_message_history_cur:::user_message_history,0
772,process:::user_tags:::build_user_tags,0
773,process:::user_with_business:::cashnote_user_meta,0
774,process:::users:::paynote_users,0
775,process:::valid_ad_group:::transform_and_rest_sink,0
776,process:::valid_ad_group:::update_extract_result,0
777,process:::valid_click_log:::conv_log,0
778,process:::valid_conv_log:::conv_log,0
779,process:::valid_custom_set:::cashnote_custom_set,0
780,process:::valid_custom_set:::paynote_custom_set,0
781,process:::valid_event:::conv_log,0
782,process:::valid_filter:::transform_and_rest_sink,0
783,process:::valid_filter:::transform_message,0
784,process:::vendor_invoices_date:::dump_incremental,0
785,process:::vendor_transactions_date:::dump_incremental,0
786,process:::visit_pairs:::build_user_visit_info,0
787,process:::visit_pairs_with_user_type:::build_cohort,0
788,process:::visit_user_status:::store_info_sink,0
789,process:::visit_user_trend:::store_info_sink,0
790,process:::visit_user_type:::build_user_visit_info,0
791,process:::visits:::add_visit_orders,0
792,process:::visits:::build_visits,0
793,process:::visits:::pos_add_visit_order,0
794,process:::visits:::snapshot_business_stat,0
795,process:::visits_approved:::add_visit_orders,0
796,process:::visits_approved:::add_visit_orders_approved,0
797,process:::visits_cancelled:::add_visit_orders,0
798,process:::visits_filtered:::visit_with_duration,0
799,process:::weekly_category_sales_recaps:::upload,0
800,process:::weekly_delivery_apps_order_stats:::delivery_app_orders_stat,0
801,process:::weekly_order_payments_stat:::delivery_app_payments_stat,0
802,process:::weekly_region_sales_recaps:::upload,0
803,process:::weekly_region_search_interests:::upload,0
804,process:::weekly_reports_date:::dump_incremental,0
805,process:::weekly_stat_with_demo:::merge_stats_with_meta,0
806,process:::weekly_summary:::build_summary,0
807,process:::weekly_txns:::build_corona_weekly_stats,0
808,process:::weekly_txns:::build_corona_weekly_stats_ratio,0
809,process:::weekly_txns:::build_corona_weekly_stats_ratio_adhoc,0
810,process:::wht:::hometax_business_amount_employee,0
811,process:::with_businesses:::daily_reports,0
812,process:::with_businesses:::test_daily_reports,0
813,process:::with_candidates:::registration_number_common_location,0
814,process:::yogiyo_orders:::build_delivery_app_orders,0
815,process:::yogiyo_orders_date:::dump_incremental,0
816,process:::yogiyo_orders_raw:::build_delivery_app_orders,0
817,process:::yogiyo_orders_unique:::build_delivery_app_orders,0
818,process:::yogiyo_payments:::build_delivery_app_payments,0
819,process:::yogiyo_payments_date:::dump_incremental,0
820,process:::yogiyo_payments_raw:::build_delivery_app_payments,0
821,process:::yogiyo_payments_src:::build_delivery_app_payments,0
822,process:::yogiyo_payments_unique:::build_delivery_app_payments,0
823,s3://kcd-data-staging/raw/catalog_v2/raw/,1
824,s3://kcd-data-staging/raw/etl/snowdon/card_sales/tmp/approvals,1
825,s3://kcd-data-staging/raw/etl/snowdon/card_sales/tmp/purchases,1
826,s3://kcd-data/dmp/sources/classification/kcd_places,1
827,s3://kcd-data/message/target_users,1
828,s3://kcd-data/place_table/latest/place_indexes,1
829,s3://kcd-data/place_table/latest/place_info,1
830,s3://kcd-data/place_table/latest/place_menus,1
831,s3://kcd-data/place_table/latest/place_reviews,1
832,s3://kcd-data/raw/catalog_v2/raw/,14
833,s3://kcd-data/raw/catalog_v3/raw/,4
834,s3://kcd-data/raw/firehose/plover/////kcd-data/raw/firehose/plover/////kcd-data/raw/firehose/plover/////kcd-data/raw/firehose/plover/////kcd-data/raw/firehose/plover/////kcd-data/raw/firehose/plover/////kcd-data/raw/firehose/plover///,1
835,s3://kcd-data/table/place/kakao_basic_uniq,1
836,s3://kcd-data/table/place/naver_basic_uniq,1
837,s3://kcd-de-production/data_cubes/dimension/,5
838,s3://kcd-de-production/data_cubes/fact//,3
839,s3://kcd-de-production/data_cubes/fact///,1
840,s3://kcd-de-production/data_sources/dimension///,42
841,s3://kcd-de-production/data_sources/fact////,3
842,s3://kcd-de-production/data_sources/fact/////,1
843,s3://kcd-de-production/data_sources/lookup//,2
844,s3://kcd-de-production/data_sources/lookup//bccard_classification.tsv,1
845,s3://kcd-de-production/data_sources/lookup//bccard_classifications.tsv,1
846,s3://kcd-de-production/data_sources/lookup//bccard_to_kcd_20210118.tsv,1
847,s3://kcd-de-production/data_sources/lookup//bccard_to_kcd_20210127.tsv,1
848,s3://kcd-de-production/data_sources/lookup//bccard_to_payment_code_20210127.tsv,1
849,s3://kcd-de-production/data_sources/lookup//business_classifications,1
850,s3://kcd-de-production/data_sources/lookup//custom_business_classification.tsv,1
851,s3://kcd-de-production/data_sources/lookup//franchise_kcd_mapping,1
852,s3://kcd-de-production/data_sources/lookup//hometax_kcd_mapping.tsv,1
853,s3://kcd-de-production/data_sources/lookup//hometax_ksic_mapping.csv,1
854,s3://kcd-de-production/data_sources/lookup//hometax_new_clasification.tsv,1
855,s3://kcd-de-production/data_sources/lookup//hyundaicard_classification.tsv,1
856,s3://kcd-de-production/data_sources/lookup//hyundaicard_to_kcd_20210118.tsv,1
857,s3://kcd-de-production/data_sources/lookup//hyundaicard_to_payment_code_20210118.tsv,1
858,s3://kcd-de-production/data_sources/lookup//kcd_classification.tsv,1
859,s3://kcd-de-production/data_sources/lookup//kcd_classification_20201125.tsv,1
860,s3://kcd-de-production/data_sources/lookup//market_area_classification_20200916.tsv,1
861,s3://kcd-de-production/data_sources/lookup//market_area_kcd_mapping_20200916.tsv,1
862,s3://kcd-de-production/data_sources/lookup//payment_code_20210118.tsv,1
863,s3://kcd-de-production/data_sources/lookup//paynote_location_mapping.tsv,1
864,s3://kcd-de-production/data_sources/lookup//place_kakao_kcd_mapping_cleansing,1
865,s3://kcd-de-production/data_sources/lookup//place_naver_kcd_mapping.tsv,1
866,s3://kcd-de-production/data_sources/lookup//semas_kcd_mapping.csv,1
867,s3://kcd-de-production/data_sources/lookup//shinhancard_classification.tsv,1
868,s3://kcd-de-production/data_sources/lookup//shinhancard_to_kcd_20210118.tsv,1
869,s3://kcd-de-production/data_sources/lookup//shinhancard_to_payment_code_20210118.tsv,1
870,s3://kcd-de-production/raw/catalog_v2/raw/,7
871,s3://kcd-de-production/raw/catalog_v2/raw//,9
872,s3://kcd-de-production/raw/catalog_v3/raw/,3
873,s3://kcd-de-production/raw/db/auth/snapshot/latest/client_user_mapping,1
874,s3://kcd-de-production/raw/db/bluebird/snapshot/latest/acceptanced_business_template_answers,1
875,s3://kcd-de-production/raw/db/bluebird/snapshot/latest/acceptanced_business_templates,1
876,s3://kcd-de-production/raw/db/bluebird/snapshot/latest/survey_monkey_responses,1
877,s3://kcd-de-production/raw/db/goose/incremental/access_logs,1
878,s3://kcd-de-production/raw/db/goose/incremental/card_payments,1
879,s3://kcd-de-production/raw/db/goose/incremental/user_events,1
880,s3://kcd-de-production/raw/db/goose/snapshot/latest/card_agreements,1
881,s3://kcd-de-production/raw/db/goose/snapshot/latest/devices,1
882,s3://kcd-de-production/raw/db/goose/snapshot/latest/place_merchants,1
883,s3://kcd-de-production/raw/db/goose/snapshot/latest/places,1
884,s3://kcd-de-production/raw/db/goose/snapshot/latest/users,1
885,s3://kcd-de-production/raw/db/snowdon/incremental/baedaltong_orders,1
886,s3://kcd-de-production/raw/db/snowdon/incremental/baedaltong_payments,1
887,s3://kcd-de-production/raw/db/snowdon/incremental/baemin_orders,1
888,s3://kcd-de-production/raw/db/snowdon/incremental/baemin_payments,1
889,s3://kcd-de-production/raw/db/snowdon/incremental/baemin_sales_vats,1
890,s3://kcd-de-production/raw/db/snowdon/incremental/bank_transactions,1
891,s3://kcd-de-production/raw/db/snowdon/incremental/card_purchases_approvals,1
892,s3://kcd-de-production/raw/db/snowdon/incremental/card_purchases_bills,1
893,s3://kcd-de-production/raw/db/snowdon/incremental/card_purchases_payments,1
894,s3://kcd-de-production/raw/db/snowdon/incremental/customer_invoices,1
895,s3://kcd-de-production/raw/db/snowdon/incremental/customer_transactions,1
896,s3://kcd-de-production/raw/db/snowdon/incremental/daily_reports,1
897,s3://kcd-de-production/raw/db/snowdon/incremental/hometax_card_purchases,1
898,s3://kcd-de-production/raw/db/snowdon/incremental/hometax_card_sales,1
899,s3://kcd-de-production/raw/db/snowdon/incremental/hometax_purchases_cash_receipts,1
900,s3://kcd-de-production/raw/db/snowdon/incremental/hometax_purchases_invoices,1
901,s3://kcd-de-production/raw/db/snowdon/incremental/hometax_sales_cash_receipts,1
902,s3://kcd-de-production/raw/db/snowdon/incremental/hometax_sales_invoices,1
903,s3://kcd-de-production/raw/db/snowdon/incremental/monthly_reports,1
904,s3://kcd-de-production/raw/db/snowdon/incremental/place_comments,1
905,s3://kcd-de-production/raw/db/snowdon/incremental/place_reviews,1
906,s3://kcd-de-production/raw/db/snowdon/incremental/report_logs,1
907,s3://kcd-de-production/raw/db/snowdon/incremental/report_logs/,1
908,s3://kcd-de-production/raw/db/snowdon/incremental/shinhancard_customer_statistics,1
909,s3://kcd-de-production/raw/db/snowdon/incremental/vendor_invoices,1
910,s3://kcd-de-production/raw/db/snowdon/incremental/vendor_transactions,1
911,s3://kcd-de-production/raw/db/snowdon/incremental/weekly_reports,1
912,s3://kcd-de-production/raw/db/snowdon/incremental/yogiyo_orders,1
913,s3://kcd-de-production/raw/db/snowdon/incremental/yogiyo_payments,1
914,s3://kcd-de-production/raw/db/snowdon/snapshot///businesses,2
915,s3://kcd-de-production/raw/db/snowdon/snapshot///card_merchants,1
916,s3://kcd-de-production/raw/db/snowdon/snapshot///credential_keys,1
917,s3://kcd-de-production/raw/db/snowdon/snapshot///credentials,2
918,s3://kcd-de-production/raw/db/snowdon/snapshot///issuer_histories,1
919,s3://kcd-de-production/raw/db/snowdon/snapshot///scrapings,1
920,s3://kcd-de-production/raw/db/snowdon/snapshot/latest/bank_accounts,1
921,s3://kcd-de-production/raw/db/snowdon/snapshot/latest/businesses,1
922,s3://kcd-de-production/raw/db/snowdon/snapshot/latest/card_merchants,1
923,s3://kcd-de-production/raw/db/snowdon/snapshot/latest/cards,1
924,s3://kcd-de-production/raw/db/snowdon/snapshot/latest/credential_keys,1
925,s3://kcd-de-production/raw/db/snowdon/snapshot/latest/credentials,1
926,s3://kcd-de-production/raw/db/snowdon/snapshot/latest/delivery_apps,1
927,s3://kcd-de-production/raw/db/snowdon/snapshot/latest/devices,1
928,s3://kcd-de-production/raw/db/snowdon/snapshot/latest/hometax_businesses,1
929,s3://kcd-de-production/raw/db/snowdon/snapshot/latest/hometax_sales_declarations,1
930,s3://kcd-de-production/raw/db/snowdon/snapshot/latest/hometax_wht_declarations,1
931,s3://kcd-de-production/raw/db/snowdon/snapshot/latest/iamport_customers,1
932,s3://kcd-de-production/raw/db/snowdon/snapshot/latest/memberships,1
933,s3://kcd-de-production/raw/db/snowdon/snapshot/latest/phones,1
934,s3://kcd-de-production/raw/db/snowdon/snapshot/latest/places,1
935,s3://kcd-de-production/raw/db/snowdon/snapshot/latest/shinhancard_businesses,1
936,s3://kcd-de-production/raw/db/snowdon/snapshot/latest/subscriptions,1
937,s3://kcd-de-production/raw/db/snowdon/snapshot/latest/users,1
938,s3://kcd-de-production/raw/etl/bulkload/paynote_place_topk,1
939,s3://kcd-de-production/raw/etl/pos/pos_bills,1
940,s3://kcd-de-production/raw/etl/pos/pos_bills_v2,1
941,s3://kcd-de-production/raw/etl/pos/pos_menus,1
942,s3://kcd-de-production/raw/etl/pos/pos_menus_v2,1
943,s3://kcd-de-production/raw/etl/pos/pos_payments,1
944,s3://kcd-de-production/raw/etl/pos/pos_payments_v2,1
945,s3://kcd-de-production/raw/etl/pos/pos_payments_with_visited,1
946,s3://kcd-de-production/raw/etl/pos/pos_payments_with_visited_v2,1
947,s3://kcd-de-production/raw/etl/snowdon/bank/bank_transactions_merged,1
948,s3://kcd-de-production/raw/etl/snowdon/card/card_purchases,1
949,s3://kcd-de-production/raw/etl/snowdon/card_sales/approvals,1
950,s3://kcd-de-production/raw/etl/snowdon/card_sales/payments,1
951,s3://kcd-de-production/raw/etl/snowdon/card_sales/purchases,1
952,s3://kcd-de-production/raw/etl/snowdon/card_sales/transactions,1
953,s3://kcd-de-production/raw/etl/snowdon/card_sales/visits,1
954,s3://kcd-de-production/raw/etl/snowdon/delivery_app/delivery_app_orders,1
955,s3://kcd-de-production/raw/etl/snowdon/delivery_app/delivery_app_payments,1
956,s3://kcd-de-production/raw/etl/snowdon/delivery_app_v2/delivery_app_orders,1
957,s3://kcd-de-production/raw/etl/snowdon/hometax/hometax_cash_receipts,1
958,s3://kcd-de-production/raw/etl/snowdon/hometax/hometax_invoices,1
959,s3://kcd-de-production/raw/etl/snowdon/places/similarity/grouped,1
960,s3://kcd-de-production/raw/firehose/plover_compact/,1
961,s3://kcd-de-production/raw/report/snowdon/daily_report/,1
962,s3://kcd-de-production/raw/stat/snowdon/card/card_purchases_stat,1
963,s3://kcd-de-production/raw/stat/snowdon/card_sales/payments_stat,1
964,s3://kcd-de-production/raw/stat/snowdon/card_sales/transactions_stat,1
965,s3://kcd-de-production/raw/stat/snowdon/card_sales/transactions_stat_with_meta,1
966,s3://kcd-de-production/raw/stat/snowdon/delivery_app/delivery_app_orders_stat,1
967,s3://kcd-de-production/raw/stat/snowdon/delivery_app/delivery_app_payments_stat,1
968,s3://kcd-de-production/raw/stat/snowdon/delivery_app_v2/delivery_app_orders_stat,1
969,s3://kcd-de-production/raw/stat/snowdon/hometax/hometax_stat,1
970,s3://kcd-de-production/service/market_area/analysis/address_classification_stat,1
971,s3://kcd-de-production/service/market_area/analysis/cohort,1
972,s3://kcd-de-production/service/market_area/analysis/snapshot_business_stat,1
973,s3://kcd-de-production/service/market_area/analysis/snapshot_user_history,1
974,s3://kcd-de-production/service/market_area/analysis/user_tags,1
975,s3://kcd-de-production/service/market_area/analysis/user_tags_aggr,1
976,s3://kcd-de-production/service/market_area/analysis/visit_pairs,1
977,s3://kcd-de-production/service/market_area/analysis/visit_user_type/,1
978,s3://kcd-de-production/service/market_area/analysis/visit_with_duration,1
979,s3://kcd-de-production/service/market_area/market_info,1
980,s3://kcd-de-production/service/market_area/store_info,1
981,s3://kcd-de-production/service/message/custom_set//latest,2
982,s3://kcd-de-production/service/message/logs/click_log,1
983,s3://kcd-de-production/service/message/logs/conv_log,1
984,s3://kcd-de-production/service/message/logs/send_log,1
985,s3://kcd-de-production/service/message/message_stats/,1
986,s3://kcd-de-production/service/message/report_logs///old_report_logs/,1
987,s3://kcd-de-production/service/message/report_logs///old_report_logs//,1
988,s3://kcd-de-production/service/message/reports//latest/,2
989,s3://kcd-de-production/service/message/target_group//,1
990,s3://kcd-de-production/service/message/target_messages,1
991,s3://kcd-de-production/service/message/target_messages//,1
992,s3://kcd-de-production/service/message/user_history/,2
993,s3://kcd-de-production/table/card_sales_revisit//monthly,1
994,s3://kcd-de-production/table/card_sales_revisit//weekly,1
995,s3://kcd-de-production/test/raw/etl/snowdon/bank/bank_transactions_merged,1
996,s3://kcd-de-production/test/raw/stat/snowdon/delivery_app/delivery_app_orders_stat,1
997,s3://kcd-de-staging/misc/swallow_staging/classifications.csv,1
998,s3://kcd-de-staging/misc/swallow_staging/regions.csv,1
999,s3://kcd-de-staging/raw/catalog_v2/raw/,1
1000,s3://kcd-de-staging/raw/etl/pos/receipt,1
1001,s3://kcd-de-staging/raw/etl/snowdon/card_sales/approvals,1
1002,s3://kcd-de-staging/raw/etl/snowdon/card_sales/matches/candidates/approvals_current,1
1003,s3://kcd-de-staging/raw/etl/snowdon/card_sales/matches/candidates/purchases_current,1
1004,s3://kcd-de-staging/raw/etl/snowdon/card_sales/matches/candidates/transactions_current,1
1005,s3://kcd-de-staging/raw/etl/snowdon/card_sales/matches/merged/approvals_current,1
1006,s3://kcd-de-staging/raw/etl/snowdon/card_sales/matches/merged/purchases_current,1
1007,s3://kcd-de-staging/raw/etl/snowdon/card_sales/purchases,1
1008,s3://kcd-de-staging/raw/etl/snowdon/card_sales/transactions,1
1009,s3://kcd-de-staging/raw/etl/snowdon/card_sales/visits,1
1010,s3://kcd-de-staging/raw/report/snowdon/daily_report/,1
1011,s3://kcd-de-staging/work/elric/data/issuers,1
1012,s3://kcd-de-staging/work/ryan/DR/DR-71/210115/2020/daily_transaction,1
1013,s3://kcd-de-staging/work/ryan/corona_weekly/2021/5/weekly_txns,1
1014,s3://kcd-de-staging/work/ryan/corona_weekly/37/weekly_txns,1
1015,s3://kcd-de-staging/work/ryan/corona_weekly/44/weekly_txns,1
1016,s3://kcd-de-staging/work/ryan/misc/kcd_places_with_gyeongnam_classifications.csv,1
1017,s3://kcd-de-staging/work/ryan/nice_monthly/2020-12-01/business_meta_with_status,1
1018,s3://kcd-de-staging/work/ryan/nice_monthly/2021-01-01/address_monthly_stats,1
1019,s3://kcd-de-staging/work/ryan/nice_monthly/2021-01-01/businesses_monthly_stats,1
1020,s3://kcd-de-staging/work/ryan/nice_monthly/2021-01-01/classification_monthly_stats,1
1021,s3://kcd-de-staging/work/ryan/nice_monthly/2021-01-01/hometax_sales_monthly_stat,1
1022,s3://kcd-de-staging/work/ryan/pos_asp/items/,1
1023,s3://kcd-de-staging/work/ryan/pos_asp/payments/,1
1024,s3://kcd-de-staging/work/ryan/raw/stat/snowdon/hometax/hometax_stat,1
1025,s3://kcd-logs-raw/dev/dumps/2019-08-27/card_sales_approvals,1
1026,s3://kcd-logs-raw/dev/dumps/2019-08-27/card_sales_payments,1
1027,s3://kcd-logs-raw/dev/dumps/2019-08-27/card_sales_purchases,1
1028,s3://kcd-pos-data/dev///,1
1029,s3://kcd-pos-data/dev/////kcd-pos-data/dev/////kcd-pos-data/dev/////kcd-pos-data/dev/////kcd-pos-data/dev/////kcd-pos-data/dev/////kcd-pos-data/dev///,1
1030,s3://staging-card-sales/staging-card-sales-approvals//,2
1031,s3://staging-card-sales/staging-card-sales-payments//,2
1032,s3://staging-card-sales/staging-card-sales-purchases//,2
1033,s3://thrush/dev/data/adhoc/DR-49/matched_targets,1
1034,s3://thrush/test/shon/corona/targets_20200331,1
1035,s3://thrush/test/shon/corona_jobs/weekly_category_sales_recaps,1
1036,s3://thrush/test/shon/corona_jobs/weekly_region_sales_recaps,1
1037,s3://thrush/test/shon/corona_jobs/weekly_region_search_interests,1
1038,users,0
